"sku","special_from_date"
"103142","19/04/26"
"103301","19/04/26"
"103307","19/04/26"
"103309","19/04/26"
"103313","19/04/26"
"103316","19/04/26"
"103320","19/04/26"
"103326","19/04/26"
"103336","19/04/26"
"103343","19/04/26"
"103348","19/04/26"
"103349","17/08/18"
"103350","19/04/26"
"103370","19/04/26"
"103375","19/04/26"
"103376","18/08/17"
"103377","19/04/26"
"103380","19/04/26"
"103383","19/04/26"
"103396","19/04/26"
"103400","19/04/26"
"103401","18/08/17"
"103402","19/04/26"
"103405","19/04/26"
"103415","19/04/26"
"103418","19/04/26"
"103421","19/04/26"
"103422","19/04/26"
"103441","19/04/26"
"103442","19/04/26"
"103447","19/04/26"
"103449","19/04/26"
"103450","19/04/26"
"103490","19/04/26"
"103493","19/04/26"
"103500","19/04/26"
"103511","19/04/26"
"103518","19/04/26"
"103519","19/04/26"
"103529","19/04/26"
"103530","19/04/26"
"103540","19/04/26"
"103541","19/04/26"
"103548","19/04/26"
"103557","19/04/26"
"103735","19/04/26"
"103756","19/04/26"
"103783","19/11/12"
"103784","20/05/27"
"103792","19/04/26"
"103794","19/04/26"
"103866","19/04/26"
"103879","19/04/26"
"103886","19/04/26"
"104081","19/04/26"
"104101","19/04/26"
"104103","19/04/26"
"104153","19/04/26"
"104171","19/04/26"
"104387","19/04/26"
"104388","19/04/26"
"104389","19/04/26"
"104401","19/04/26"
"104403","19/04/26"
"104405","19/04/26"
"104407","19/04/26"
"104412","19/04/26"
"104414","19/04/26"
"104415","19/04/26"
"104417","19/04/26"
"104418","19/04/26"
"104420","19/04/26"
"104430","19/04/26"
"104434","19/04/26"
"104438","19/04/26"
"104451","19/04/26"
"104472","19/11/13"
"104492","19/04/26"
"104495","19/04/26"
"104498","19/04/26"
"104499","19/04/26"
"104503","19/04/26"
"104505","19/04/26"
"104507","19/04/26"
"104511","19/04/26"
"104515","19/04/26"
"104516","19/04/26"
"104517","19/04/26"
"104518","19/04/26"
"104522","19/04/26"
"104523","19/04/26"
"104525","19/04/26"
"104534","19/04/26"
"104548","19/04/26"
"104561","19/04/26"
"104566","19/04/26"
"104567","19/04/26"
"104577","19/04/26"
"104578","19/04/26"
"104580","19/04/26"
"104596","19/04/26"
"104600","19/04/26"
"104603","19/04/26"
"104610","19/04/26"
"104613","19/04/26"
"104614","19/04/26"
"104618","19/04/26"
"104620","19/04/26"
"104621","19/04/26"
"104654","19/04/26"
"104663","19/04/26"
"104759","19/04/26"
"104772","19/04/26"
"104780","19/04/26"
"104794","19/04/26"
"104795","19/04/26"
"104796","19/04/26"
"104801","19/04/26"
"104902","19/04/26"
"104911","19/04/26"
"104913","19/04/26"
"104975","19/04/26"
"105056","19/04/26"
"105060","19/04/26"
"105063","19/04/26"
"105078","17/05/26"
"105106","19/04/26"
"105107","19/04/26"
"105113","19/04/26"
"105116","19/04/26"
"105117","19/04/26"
"105119","19/04/26"
"105164","19/04/26"
"105170","19/04/26"
"105180","19/04/26"
"105181","19/04/26"
"105182","19/04/26"
"105184","19/04/26"
"105186","19/04/26"
"105192","19/04/26"
"105193","19/04/26"
"105197","19/04/26"
"105198","17/05/24"
"105199","19/04/26"
"105200","17/05/24"
"105202","19/04/26"
"105209","19/04/26"
"105212","19/04/26"
"105213","19/04/26"
"105214","19/04/26"
"105215","19/04/26"
"105216","19/04/26"
"105223","19/04/26"
"105226","19/04/26"
"105227","19/04/26"
"105228","19/04/26"
"105230","19/04/26"
"105237","19/04/26"
"105255","19/04/26"
"105259","19/04/26"
"105261","19/04/26"
"105268","19/04/26"
"105320","18/08/16"
"105323","19/04/26"
"105328","19/04/26"
"105330","19/04/26"
"105331","19/04/26"
"105360","19/04/26"
"105628","19/04/26"
"105632","19/04/26"
"105637","19/04/26"
"105696","19/04/26"
"105775","20/03/31"
"105797","19/04/26"
"105808","19/04/26"
"105809","19/04/26"
"105834","19/04/26"
"105876","19/04/26"
"105877","19/04/26"
"105878","19/04/26"
"105900","19/04/26"
"105989","19/04/26"
"106025","19/04/26"
"106033","19/04/26"
"106058","19/04/26"
"106114","19/04/26"
"106116","19/04/26"
"106117","19/04/26"
"106127","19/04/26"
"106130","19/04/26"
"106134","19/04/26"
"106136","19/04/26"
"106137","19/04/26"
"106144","19/04/26"
"106158","19/04/26"
"106175","19/04/26"
"106186","19/04/26"
"106192","19/04/26"
"106194","19/04/26"
"106195","19/04/26"
"106197","19/04/26"
"106209","19/04/26"
"106211","19/04/26"
"106228","19/04/26"
"106244","19/04/26"
"106247","17/05/26"
"106251","19/04/26"
"106262","19/04/26"
"106401","19/04/26"
"106426","19/04/26"
"106430","19/04/26"
"106440","19/04/26"
"106465","19/04/26"
"106480","19/04/26"
"106485","19/04/26"
"106486","19/04/26"
"106487","19/04/26"
"106494","19/04/26"
"106496","19/04/26"
"106497","19/04/26"
"106498","19/04/26"
"106508","19/04/26"
"106509","19/04/26"
"106511","19/04/26"
"106519","19/04/26"
"106531","19/04/26"
"106538","19/04/26"
"106625","19/04/26"
"106626","19/04/26"
"106627","19/04/26"
"106630","19/04/26"
"106634","19/04/26"
"106635","19/04/26"
"106638","19/04/26"
"106646","19/04/26"
"106649","19/04/26"
"106652","19/04/26"
"106653","19/04/26"
"106655","19/04/26"
"106657","19/04/26"
"106658","19/04/26"
"106662","19/04/26"
"106663","19/04/26"
"106664","19/04/26"
"106669","19/04/26"
"106716","19/04/26"
"106720","19/04/26"
"106725","19/04/26"
"106727","19/04/26"
"106728","19/04/26"
"106753","19/04/26"
"106771","19/04/26"
"106780","19/04/26"
"106784","19/04/26"
"106800","19/04/26"
"106801","19/04/26"
"106802","19/04/26"
"106803","19/04/26"
"106806","19/04/26"
"106814","19/04/26"
"106823","19/04/26"
"106893","19/04/26"
"106897","17/10/10"
"106906","19/04/26"
"106983","19/04/26"
"106985","19/04/26"
"107063","19/10/23"
"107064","20/01/20"
"107177","19/10/23"
"108102","19/04/26"
"108103","19/04/26"
"108104","19/04/26"
"108105","19/04/26"
"108106","19/04/26"
"108108","19/04/26"
"108114","19/04/26"
"108116","19/04/26"
"108117","19/04/26"
"108119","19/04/26"
"108120","19/04/26"
"108130","19/04/26"
"108142","19/04/26"
"108145","19/04/26"
"108147","19/04/26"
"108162","19/04/26"
"108174","19/04/26"
"108243","19/04/26"
"108246","19/04/26"
"108248","19/04/26"
"108251","19/04/26"
"108253","19/04/26"
"108494","19/04/26"
"108496","19/04/26"
"108513","19/04/26"
"108520","19/04/26"
"108568","19/04/26"
"108569","19/04/26"
"108575","19/04/26"
"108696","19/04/26"
"108861","19/04/26"
"108874","19/04/26"
"108921","19/04/26"
"108924","19/04/26"
"108925","19/04/26"
"109022","19/04/26"
"109024","19/04/26"
"109025","19/04/26"
"109026","19/04/26"
"109027","19/04/26"
"109028","19/04/26"
"109030","19/04/26"
"109031","19/04/26"
"109032","19/04/26"
"109034","19/04/26"
"109035","19/04/26"
"109036","19/04/26"
"109042","19/04/26"
"109043","19/04/26"
"109059","19/04/26"
"109062","19/04/26"
"109064","19/04/26"
"109065","19/04/26"
"109067","19/04/26"
"109077","19/04/26"
"109090","19/04/26"
"109092","19/04/26"
"109095","19/04/26"
"109108","19/04/26"
"109109","19/04/26"
"109130","19/04/26"
"109131","19/04/26"
"109132","19/04/26"
"109134","19/04/26"
"109145","19/04/26"
"109185","19/04/26"
"109190","19/04/26"
"109214","19/04/26"
"109217","19/04/26"
"109241","19/04/26"
"109243","19/04/26"
"109246","19/04/26"
"109259","19/04/26"
"109338","19/04/26"
"109340","19/04/26"
"109347","19/04/26"
"109369","19/04/26"
"109372","19/04/26"
"247624","16/06/15"
"247625","19/04/26"
"247658","19/04/26"
"305252","19/04/26"
"120852","19/04/26"
"305170","19/04/26"
"485969","19/04/26"
"119643","19/04/26"
"201518","16/06/16"
"388464","19/04/26"
"484702","17/06/02"
"272170","16/06/27"
"559599","16/06/01"
"272179","16/06/27"
"272180","17/06/01"
"244529","19/08/26"
"219411","17/08/31"
"218909","19/04/26"
"412364","19/04/26"
"412363","19/04/26"
"219724","19/04/26"
"158083","19/04/26"
"595916","17/06/25"
"653980","17/03/27"
"613303","16/09/20"
"235452","19/04/26"
"119003","19/04/26"
"413109","19/04/26"
"218915","19/04/26"
"526256","19/04/26"
"653981","16/10/19"
"118587","17/09/04"
"614096","17/03/27"
"236037","19/04/26"
"235425","19/04/26"
"218706","19/08/29"
"136470","19/04/26"
"599279","17/03/22"
"271024","17/05/15"
"273048","17/11/21"
"159472","19/04/26"
"259884","19/04/26"
"158082","19/04/26"
"521815","19/04/26"
"234861","19/04/26"
"235424","19/04/26"
"235423","19/04/26"
"235613","19/04/26"
"235672","19/04/26"
"236230","19/04/26"
"235669","19/04/26"
"234862","19/04/26"
"236148","19/04/26"
"235663","19/04/26"
"235671","19/04/26"
"235926","19/04/26"
"236111","19/04/26"
"236150","19/04/26"
"235675","19/04/26"
"235414","19/04/26"
"235942","19/04/26"
"236069","19/04/26"
"236110","19/04/26"
"236070","19/04/26"
"236076","19/04/26"
"599346","17/03/27"
"648375","17/02/28"
"566076","17/03/29"
"672508","17/02/28"
"599351","17/03/27"
"648376","17/03/27"
"648364","17/03/21"
"598685","17/03/29"
"372513","17/06/08"
"648357","17/03/21"
"613594","17/03/02"
"613592","17/05/09"
"613591","17/05/09"
"609371","17/03/17"
"582326","17/03/20"
"582330","17/03/20"
"613584","17/03/20"
"613585","17/03/20"
"582325","17/03/20"
"599291","17/03/22"
"599292","17/03/22"
"599289","17/03/22"
"599290","17/03/22"
"294624","17/03/22"
"523166","17/03/22"
"294619","17/03/23"
"648517","17/03/23"
"598360","17/03/27"
"255276","19/04/26"
"613306","17/04/04"
"365131","19/04/26"
"118886","17/04/27"
"582329","17/05/04"
"704435","17/05/05"
"527562","17/09/01"
"476023","19/04/26"
"582328","17/05/15"
"582327","17/05/15"
"317489","17/06/02"
unexpecteditemFBA10YFM2L,"17/05/16"
"224055","19/04/26"
"420604","20/09/22"
"705525","17/05/31"
"171638","17/05/31"
"705545","17/05/31"
"269874","17/05/30"
unexpecteditemFBA11JL7Y0,"17/06/01"
"685672","17/06/06"
"691573","17/06/08"
"691599","17/06/08"
"648373","17/06/13"
"599340","17/06/13"
"648365","17/06/13"
"693433","17/06/13"
"234044","17/06/23"
"219718","17/06/30"
"638031","17/07/04"
"698696","17/07/17"
"557487","17/07/31"
"400865","17/08/01"
"648355","17/08/10"
"599314","17/08/10"
"372855","17/09/06"
"568848","17/09/14"
"648475","17/09/25"
"271819","17/10/04"
"110675","17/10/19"
"112243","17/11/07"
"272041","17/11/07"
"446709","17/11/07"
"119885","17/11/20"
"119887","17/11/20"
"119847","17/11/20"
"119812","17/11/21"
"119076","17/11/27"
"205737","17/11/30"
"223632","17/12/01"
"223633","17/12/01"
"137534","17/12/01"
"137562","17/12/01"
"472366","17/12/20"
"274788","18/01/04"
"119703","18/01/08"
"599275","18/01/11"
"272730","18/01/12"
"256830","18/01/16"
G72501,"18/01/17"
"492497","18/01/17"
"372911","18/01/17"
F02278,"18/01/31"
F02244,"18/01/31"
"0121125","18/02/12"
"582370","18/03/06"
"314114","18/03/07"
"585218","18/03/19"
"424081","18/03/20"
"599276","18/03/22"
"485065","18/04/19"
"474214","18/05/23"
"578761","18/05/28"
"618225","18/07/05"
"198098","18/08/28"
"112470","18/09/20"
"485656","18/10/23"
"608650","19/02/05"
"289260","19/04/26"
"289268","19/04/26"
"289603","19/04/26"
"291117","19/04/26"
"191455","19/04/26"
"493248","19/04/26"
"190339","19/04/26"
"357354","19/04/26"
"189332","19/04/26"
"191568","19/04/26"
"447679","19/04/26"
"198950","19/04/26"
"289131","19/04/26"
"124837","19/04/26"
"216467","19/04/26"
"203033","19/04/26"
"202686","19/04/26"
"542544","19/04/26"
"127812","19/04/26"
"127810","19/04/26"
"127809","19/04/26"
"127455","19/04/26"
"127454","19/04/26"
"127408","19/04/26"
"127406","19/04/26"
"127391","19/04/26"
"225701","19/04/26"
"225698","19/04/26"
"215640","19/04/26"
"137428","19/04/26"
"137427","19/04/26"
"137426","19/04/26"
"215210","19/04/26"
"215209","19/04/26"
"519081","19/04/26"
"243842","19/04/26"
"243371","19/04/26"
"133423","19/04/26"
"216916","19/04/26"
"216898","19/04/26"
"216576","19/04/26"
"158383","19/04/26"
"158378","19/04/26"
"158377","19/04/26"
"158376","19/04/26"
"531142","19/04/26"
"481069","19/04/26"
"289933","19/04/26"
"289735","19/04/26"
"288358","19/04/26"
"289648","19/04/26"
"158696","19/04/26"
"289258","19/04/26"
"158681","19/04/26"
"158389","19/04/26"
"127537","19/04/26"
"448131","19/04/26"
"448173","19/04/26"
"289238","19/04/26"
"289264","19/04/26"
"289278","19/04/26"
"290051","19/04/26"
"289218","19/04/26"
"446377","19/04/26"
"427544","19/04/26"
"191452","19/04/26"
"188570","19/04/26"
"198951","19/04/26"
"216715","19/04/26"
"216714","19/04/26"
"216712","19/04/26"
"203566","19/04/26"
"203122","19/04/26"
"289228","19/04/26"
"289316","19/04/26"
"289606","19/04/26"
"289610","19/04/26"
"477212","19/04/26"
"292970","19/04/26"
"377857","19/04/26"
"190377","19/04/26"
"189076","19/04/26"
"188728","19/04/26"
"125591","19/04/26"
"124839","19/04/26"
"216713","19/04/26"
"203124","19/04/26"
"203069","19/04/26"
"203066","19/04/26"
"203044","19/04/26"
"202833","19/04/26"
"449143","19/04/26"
"537636","19/04/26"
"526670","19/04/26"
"127649","19/04/26"
"158066","19/04/26"
"158170","19/04/26"
"158180","19/04/26"
"237207","19/04/26"
"189377","19/04/26"
"189380","19/04/26"
"255483","19/04/26"
"128305","19/04/26"
"128318","19/04/26"
"128321","19/04/26"
"128328","19/04/26"
"289240","19/04/26"
"288379","19/04/26"
"559198","19/04/26"
"202504","19/04/26"
"202536","19/04/26"
"202659","19/04/26"
"202663","19/04/26"
"202741","19/04/26"
"202803","19/04/26"
"202675","19/04/26"
"127996","19/04/26"
"127878","19/04/26"
"127814","19/04/26"
"127793","19/04/26"
"127470","19/04/26"
"127437","19/04/26"
"127407","19/04/26"
"127400","19/04/26"
"263635","19/04/26"
"215206","19/04/26"
"215963","19/04/26"
"215638","19/04/26"
"137436","19/04/26"
"137432","19/04/26"
"137431","19/04/26"
"137423","19/04/26"
"215212","19/04/26"
"293874","19/04/26"
"243735","19/04/26"
"378488","19/04/26"
"216703","19/04/26"
"216631","19/04/26"
"216926","19/04/26"
"291918","19/04/26"
"158380","19/04/26"
"158379","19/04/26"
"531125","19/04/26"
"159260","19/04/26"
"159258","19/04/26"
"159256","19/04/26"
"289930","19/04/26"
"289937","19/04/26"
"289614","19/04/26"
"289632","19/04/26"
"227400","19/04/26"
"289643","19/04/26"
"227383","19/04/26"
"158691","19/04/26"
"289320","19/04/26"
"203117","19/04/26"
"203485","19/04/26"
"128701","19/04/26"
"255418","19/04/26"
"136475","19/04/26"
"237236","19/04/26"
"237242","19/04/26"
"109408","19/04/26"
"180694","19/04/26"
"180705","19/04/26"
"216598","19/04/26"
"216600","19/04/26"
"216975","19/04/26"
"216955","19/04/26"
"289230","19/04/26"
"243378","19/04/26"
"243100","19/04/26"
"243016","19/04/26"
"229450","19/04/26"
"180795","19/04/26"
"180860","19/04/26"
"180882","19/04/26"
"180890","19/04/26"
"180907","19/04/26"
"180971","19/04/26"
"181250","19/04/26"
"181309","19/04/26"
"181317","19/04/26"
"158141","19/04/26"
"158142","19/04/26"
"158146","19/04/26"
"158148","19/04/26"
"158153","19/04/26"
"158160","19/04/26"
"158219","19/04/26"
"158220","19/04/26"
S2046069,"19/04/26"
"158274","19/04/26"
"158278","19/04/26"
"158280","19/04/26"
"158332","19/04/26"
"158349","19/04/26"
"158412","19/04/26"
"159350","19/04/26"
"159381","19/04/26"
"159382","19/04/26"
"159386","19/04/26"
"158488","19/04/26"
"158490","19/04/26"
"158599","19/04/26"
"158600","19/04/26"
"158602","19/04/26"
"158630","19/04/26"
"158633","19/04/26"
"159469","19/04/26"
"159463","19/04/26"
"229590","19/04/26"
"229591","19/04/26"
"229593","19/04/26"
"229457","19/04/26"
"229461","19/04/26"
"229468","19/04/26"
"223950","19/04/26"
"224737","19/04/26"
"225345","19/04/26"
"225500","19/04/26"
"225502","19/04/26"
"225569","19/04/26"
"226148","19/04/26"
"159423","19/04/26"
"412136","19/04/26"
"110369","19/04/26"
"111797","19/04/26"
"137444","19/04/26"
"137555","19/04/26"
"137563","19/04/26"
"137564","19/04/26"
"225374","19/04/26"
"225383","19/04/26"
"225668","19/04/26"
"225727","19/04/26"
"227841","19/04/26"
"232328","19/04/26"
"401166","19/04/26"
"127990","19/04/26"
"128005","19/04/26"
"127697","19/04/26"
"128149","19/04/26"
"128159","19/04/26"
"128169","19/04/26"
"128186","19/04/26"
"128194","19/04/26"
"128207","19/04/26"
"128215","19/04/26"
"128219","19/04/26"
"128322","19/04/26"
"128346","19/04/26"
"128706","19/04/26"
"128849","19/04/26"
"128850","19/04/26"
"128980","19/04/26"
"125841","19/04/26"
"125848","19/04/26"
"125854","19/04/26"
"126098","19/04/26"
"127014","19/04/26"
"127067","19/04/26"
"127374","19/04/26"
"135048","19/04/26"
"135050","19/04/26"
"135563","19/04/26"
"136703","19/04/26"
"136792","19/04/26"
"136793","19/04/26"
"136797","19/04/26"
"136838","19/04/26"
"154836","19/04/26"
"136880","19/04/26"
"136884","19/04/26"
"136887","19/04/26"
"136890","19/04/26"
"138176","19/04/26"
"138186","19/04/26"
"138996","19/04/26"
"139775","19/04/26"
"136969","19/04/26"
"136971","19/04/26"
"202612","19/04/26"
"202813","19/04/26"
"216436","19/04/26"
"255470","19/04/26"
"124963","19/04/26"
"158197","19/04/26"
"158091","19/04/26"
"158199","19/04/26"
"158202","19/04/26"
"158206","19/04/26"
"159280","19/04/26"
"159291","19/04/26"
"159292","19/04/26"
"139014","19/04/26"
"158085","19/04/26"
"158087","19/04/26"
"216565","19/04/26"
"405479","19/04/26"
"139222","19/04/26"
"140167","19/04/26"
"140470","19/04/26"
"140534","19/04/26"
"136984","19/04/26"
"138410","19/04/26"
"139382","19/04/26"
"138196","19/04/26"
"140443","19/04/26"
"139502","19/04/26"
"138219","19/04/26"
"134502","19/04/26"
"158057","19/04/26"
"158077","19/04/26"
"158080","19/04/26"
"158124","19/04/26"
"158128","19/04/26"
"180973","19/04/26"
"180994","19/04/26"
"180996","19/04/26"
"225654","19/04/26"
"227385","19/04/26"
"232322","19/04/26"
"232650","19/04/26"
"189220","19/04/26"
"180715","19/04/26"
"188962","19/04/26"
"189037","19/04/26"
"543686","19/04/26"
"133122","19/04/26"
"133161","19/04/26"
"216444","19/04/26"
"227525","19/04/26"
"224063","19/04/26"
"202873","19/04/26"
"126052","19/04/26"
"124984","19/04/26"
"127435","19/04/26"
"158215","19/04/26"
"140662","19/04/26"
"153666","19/04/26"
"144068","19/04/26"
"378514","19/04/26"
"377321","19/04/26"
"297594","19/04/26"
"291142","19/04/26"
"528043","19/04/26"
"312817","19/04/26"
"202533","19/04/26"
"125882","19/04/26"
"289615","19/04/26"
"289616","19/04/26"
"288403","19/04/26"
"289198","19/04/26"
"289208","19/04/26"
"147221","19/04/26"
"147219","19/04/26"
"176987","19/04/26"
"314464","19/04/26"
"112461","19/04/26"
"119857","19/04/26"
"162332","19/04/26"
"162299","19/04/26"
"162221","19/04/26"
"161908","19/04/26"
"161836","19/04/26"
"161799","19/04/26"
"161804","19/04/26"
"160609","19/04/26"
"162105","19/04/26"
"215193","19/04/26"
"175123","19/04/26"
"175925","19/04/26"
"175342","19/04/26"
"131130","19/04/26"
"131189","19/04/26"
"250443","19/04/26"
"244444","19/04/26"
"412987","19/04/26"
"371270","19/04/26"
"492931","19/04/26"
"419756","19/04/26"
"163726","19/04/26"
"163934","19/04/26"
"164002","19/04/26"
"150432","19/04/26"
"150645","19/04/26"
"150651","19/04/26"
"150643","19/04/26"
"162515","19/04/26"
"244218","19/04/26"
"411589","19/04/26"
"161400","19/04/26"
"150531","19/04/26"
"150549","19/04/26"
"150644","19/04/26"
"150704","19/04/26"
"304630","19/04/26"
"305630","19/04/26"
"304319","19/04/26"
"304632","19/04/26"
"305633","19/04/26"
"136782","19/04/26"
"112973","19/04/26"
"161792","19/04/26"
"162122","19/04/26"
"160981","19/04/26"
"112468","19/04/26"
"149752","19/04/26"
"149908","19/04/26"
"142785","19/04/26"
"142787","19/04/26"
"119287","19/04/26"
"123043","19/04/26"
"119716","19/04/26"
"119766","19/04/26"
"119874","19/04/26"
"119984","19/04/26"
"120810","19/04/26"
"120858","19/04/26"
"176922","19/04/26"
"116464","19/04/26"
"120943","19/04/26"
"120952","19/04/26"
"159993","19/04/26"
"121399","19/04/26"
"121966","19/04/26"
"122354","19/04/26"
"426476","19/04/26"
"383313","19/04/26"
"136093","19/04/26"
"136094","19/04/26"
"142808","19/04/26"
"124373","19/04/26"
"116074","19/04/26"
"175959","19/04/26"
"176636","19/04/26"
"176711","19/04/26"
"250808","19/04/26"
"175557","19/04/26"
"161810","19/04/26"
"304020","19/04/26"
"304022","19/04/26"
"177371","19/04/26"
"119770","19/04/26"
"189383","19/04/26"
"191439","19/04/26"
"177144","19/04/26"
"113918","19/04/26"
"113238","19/04/26"
"113400","19/04/26"
"255912","19/04/26"
"177132","19/04/26"
"116171","19/04/26"
"483281","19/04/26"
"117047","19/04/26"
"117059","19/04/26"
"117069","19/04/26"
"117086","19/04/26"
"514363","19/04/26"
"117199","19/04/26"
"112469","19/04/26"
"112517","19/04/26"
"421568","19/04/26"
"494284","19/04/26"
"277633","19/04/26"
"278487","19/04/26"
"278492","19/04/26"
"277666","19/04/26"
"164829","19/04/26"
"162788","19/04/26"
"278801","19/04/26"
"305385","19/04/26"
"417347","19/04/26"
"161095","19/04/26"
"160926","19/04/26"
"160635","19/04/26"
"161653","19/04/26"
"343613","19/04/26"
"346262","19/04/26"
"346165","19/04/26"
"379239","19/04/26"
"475393","19/04/26"
"150445","19/04/26"
"344136","19/04/26"
"388462","19/04/26"
"388465","19/04/26"
"388472","19/04/26"
"388490","19/04/26"
"410722","19/04/26"
"340984","19/04/26"
"311970","19/04/26"
"277615","19/04/26"
"445533","19/04/26"
"419165","19/04/26"
"304451","19/04/26"
"305108","19/04/26"
"280365","19/04/26"
"280389","19/04/26"
"321828","19/04/26"
"372710","19/04/26"
"119060","19/04/26"
"356493","19/04/26"
"423307","19/04/26"
"431782","19/04/26"
"431787","19/04/26"
"123372","19/04/26"
"361414","19/04/26"
"472332","19/04/26"
"472569","19/04/26"
"469524","19/04/26"
"478819","19/04/26"
"469526","19/04/26"
"478393","19/04/26"
"278478","19/04/26"
"514415","19/04/26"
"514420","19/04/26"
"492408","19/04/26"
"556011","19/04/26"
"556044","19/04/26"
"489227","19/04/26"
"155106","19/04/26"
"489324","19/04/26"
"489244","19/04/26"
"489397","19/04/26"
"489349","19/04/26"
"489357","19/04/26"
"487197","19/04/26"
"489284","19/04/26"
"489365","19/04/26"
"489367","19/04/26"
"592164","19/04/26"
"469484","19/04/26"
"475040","19/04/26"
"476237","19/04/26"
"476290","19/04/26"
"476695","19/04/26"
"431748","19/04/26"
"476703","19/04/26"
"476491","19/04/26"
"133437","19/04/26"
"538405","19/04/26"
"527744","19/04/26"
"489516","19/04/26"
"530187","19/04/26"
"526775","19/04/26"
"482362","19/04/26"
"150431","19/04/26"
"150485","19/04/26"
"150660","19/04/26"
"566133","19/04/26"
"577186","19/04/26"
"524715","19/04/26"
"590053","19/04/26"
"428296","19/04/26"
"412619","19/04/26"
"412632","19/04/26"
"412635","19/04/26"
"412654","19/04/26"
"412666","19/04/26"
"412627","19/04/26"
"412633","19/04/26"
"410242","19/04/26"
"412722","19/04/26"
"534635","19/04/26"
"119726","19/04/26"
"534412","19/04/26"
"304369","19/04/26"
"305792","19/04/26"
"131135","19/04/26"
"429849","19/04/26"
"527041","19/04/26"
"131185","19/04/26"
"479286","19/04/26"
"479290","19/04/26"
"249312","19/04/26"
"341933","19/04/26"
"320631","19/04/26"
"320632","19/04/26"
"119581","19/04/26"
"119591","19/04/26"
"119649","19/04/26"
"159384","19/04/26"
"109784","19/04/26"
"289314","19/04/26"
"243096","19/04/26"
"158221","19/04/26"
"537633","19/04/26"
"537634","19/04/26"
"530606","19/04/26"
"559064","19/04/26"
"127687","19/04/26"
"127986","19/04/26"
"127991","19/04/26"
"128001","19/04/26"
"128006","19/04/26"
"158063","19/04/26"
"158171","19/04/26"
"158179","19/04/26"
"158167","19/04/26"
"158173","19/04/26"
"237209","19/04/26"
"236850","19/04/26"
"236851","19/04/26"
"215200","19/04/26"
"243463","19/04/26"
"159329","19/04/26"
"128303","19/04/26"
"203012","19/04/26"
"203011","19/04/26"
"202828","19/04/26"
"202724","19/04/26"
"289310","19/04/26"
"127992","19/04/26"
"127872","19/04/26"
"127864","19/04/26"
"127811","19/04/26"
"127459","19/04/26"
"127453","19/04/26"
"127451","19/04/26"
"127436","19/04/26"
"127414","19/04/26"
"127402","19/04/26"
"127392","19/04/26"
"180692","19/04/26"
"225699","19/04/26"
"215964","19/04/26"
"540033","19/04/26"
"215424","19/04/26"
"137435","19/04/26"
"137429","19/04/26"
"137424","19/04/26"
"215208","19/04/26"
"215936","19/04/26"
"215775","19/04/26"
"215722","19/04/26"
"215238","19/04/26"
"133444","19/04/26"
"243015","19/04/26"
"216553","19/04/26"
"159377","19/04/26"
"158382","19/04/26"
"158411","19/04/26"
"133422","19/04/26"
"290657","19/04/26"
"133287","19/04/26"
"159262","19/04/26"
"159259","19/04/26"
"290027","19/04/26"
"289935","19/04/26"
"289941","19/04/26"
"289653","19/04/26"
"289326","19/04/26"
"158695","19/04/26"
"119806","19/04/26"
"119808","19/04/26"
"119917","19/04/26"
"119944","19/04/26"
"120025","19/04/26"
"120477","19/04/26"
"120483","19/04/26"
"120580","19/04/26"
"120665","19/04/26"
"120827","19/04/26"
"121396","19/04/26"
"121181","19/04/26"
"119729","19/04/26"
"120054","19/04/26"
"120581","19/04/26"
"120833","19/04/26"
"120835","19/04/26"
"122052","19/04/26"
"122479","19/04/26"
"123207","19/04/26"
"467899","19/04/26"
"123471","19/04/26"
"136409","19/04/26"
"158675","19/04/26"
"158669","19/04/26"
"158683","19/04/26"
"158679","19/04/26"
"158677","19/04/26"
"289322","19/04/26"
"289324","19/04/26"
"158387","19/04/26"
"158184","19/04/26"
"188698","19/04/26"
"189219","19/04/26"
"158414","19/04/26"
"128008","19/04/26"
"128197","19/04/26"
"127985","19/04/26"
"289220","19/04/26"
"289236","19/04/26"
"243098","19/04/26"
"424346","19/04/26"
"127663","19/04/26"
"159333","19/04/26"
"576498","19/04/26"
"576511","19/04/26"
"445644","19/04/26"
"203368","19/04/26"
"127676","19/04/26"
"158068","19/04/26"
"158176","19/04/26"
"158178","19/04/26"
"236841","19/04/26"
"288591","19/04/26"
"477069","19/04/26"
"229465","19/04/26"
"202706","19/04/26"
"202785","19/04/26"
"202799","19/04/26"
"202987","19/04/26"
"568957","19/04/26"
"203143","19/04/26"
"203569","19/04/26"
"227331","19/04/26"
"110085","19/04/26"
"215899","19/04/26"
"137561","19/04/26"
"158129","19/04/26"
"289318","19/04/26"
"289600","19/04/26"
"289607","19/04/26"
"289613","19/04/26"
"288281","19/04/26"
"313197","19/04/26"
"263640","19/04/26"
"310507","19/04/26"
"449133","19/04/26"
"188913","19/04/26"
"191797","19/04/26"
"125590","19/04/26"
"125319","19/04/26"
"203372","19/04/26"
"542671","19/04/26"
"203116","19/04/26"
"203016","19/04/26"
"313676","19/04/26"
"304376","19/04/26"
"304796","19/04/26"
"304816","19/04/26"
"304935","19/04/26"
"305100","19/04/26"
"305106","19/04/26"
"305111","19/04/26"
"305287","19/04/26"
"305303","19/04/26"
"305325","19/04/26"
"305761","19/04/26"
"305797","19/04/26"
"304423","19/04/26"
"250912","19/04/26"
"355659","19/04/26"
"412957","19/04/26"
"412975","19/04/26"
"412894","19/04/26"
"413005","19/04/26"
"412970","19/04/26"
"413000","19/04/26"
"412891","19/04/26"
"412896","19/04/26"
"412901","19/04/26"
"412931","19/04/26"
"411205","19/04/26"
"411554","19/04/26"
"413002","19/04/26"
"250540","19/04/26"
"251120","19/04/26"
"250895","19/04/26"
"250903","19/04/26"
"250480","19/04/26"
"250744","19/04/26"
"250743","19/04/26"
"250841","19/04/26"
"246921","19/04/26"
"142856","19/04/26"
"201519","19/04/26"
"201578","19/04/26"
"112476","19/04/26"
"115622","19/04/26"
"117010","19/04/26"
"113056","19/04/26"
"113781","19/04/26"
"161811","19/04/26"
"163999","19/04/26"
"163878","19/04/26"
"114260","19/04/26"
"114313","19/04/26"
"118151","19/04/26"
"155875","19/04/26"
"250707","19/04/26"
"301672","19/04/26"
"244246","19/04/26"
"244244","19/04/26"
"376604","19/04/26"
"383233","19/04/26"
"347669","19/04/26"
"463519","19/04/26"
"263044","19/04/26"
"263052","19/04/26"
"263056","19/04/26"
"305172","19/04/26"
"304540","19/04/26"
"304541","19/04/26"
"304545","19/04/26"
"303355","19/04/26"
"244221","19/04/26"
"451406","19/04/26"
"244526","19/04/26"
"159845","19/04/26"
"160007","19/04/26"
"480157","19/04/26"
"119073","19/04/26"
"119809","19/04/26"
"304694","19/04/26"
"305066","19/04/26"
"305122","19/04/26"
"155884","19/04/26"
"157513","19/04/26"
"113782","19/04/26"
"460640","19/04/26"
"462399","19/04/26"
"347672","19/04/26"
"313030","19/04/26"
"348022","19/04/26"
"303426","19/04/26"
"180630","19/04/26"
"180632","19/04/26"
"180703","19/04/26"
"216446","19/04/26"
"216540","19/04/26"
"216932","19/04/26"
"216960","19/04/26"
"216461","19/04/26"
"242992","19/04/26"
"180781","19/04/26"
"180803","19/04/26"
"180813","19/04/26"
"180826","19/04/26"
"180829","19/04/26"
"180848","19/04/26"
"180851","19/04/26"
"180856","19/04/26"
"180863","19/04/26"
"180868","19/04/26"
"180904","19/04/26"
"180969","19/04/26"
"180995","19/04/26"
"181246","19/04/26"
"181247","19/04/26"
"181288","19/04/26"
"158154","19/04/26"
"158157","19/04/26"
"158214","19/04/26"
"158218","19/04/26"
S2046071,"19/04/26"
"158273","19/04/26"
"158276","19/04/26"
"158277","19/04/26"
"158279","19/04/26"
"158328","19/04/26"
"158333","19/04/26"
"158336","19/04/26"
"158413","19/04/26"
"159352","19/04/26"
"159370","19/04/26"
"159378","19/04/26"
"159379","19/04/26"
"159380","19/04/26"
"158489","19/04/26"
"158499","19/04/26"
"158506","19/04/26"
"243682","19/04/26"
"158631","19/04/26"
"158820","19/04/26"
"159481","19/04/26"
"229592","19/04/26"
"236843","19/04/26"
"236844","19/04/26"
"236847","19/04/26"
"236849","19/04/26"
"189372","19/04/26"
"159327","19/04/26"
"128309","19/04/26"
"128317","19/04/26"
"128325","19/04/26"
"289312","19/04/26"
"202503","19/04/26"
"202537","19/04/26"
"202779","19/04/26"
"530700","19/04/26"
"203457","19/04/26"
"191612","19/04/26"
"289308","19/04/26"
"289306","19/04/26"
"137785","19/04/26"
"127988","19/04/26"
"127801","19/04/26"
"127796","19/04/26"
"127465","19/04/26"
"127401","19/04/26"
"127399","19/04/26"
"263639","19/04/26"
"225712","19/04/26"
"137422","19/04/26"
"137430","19/04/26"
"137425","19/04/26"
"215783","19/04/26"
"243367","19/04/26"
"421742","19/04/26"
"288766","19/04/26"
"289215","19/04/26"
"133424","19/04/26"
"216684","19/04/26"
"216651","19/04/26"
"158381","19/04/26"
"216900","19/04/26"
"232103","19/04/26"
"291074","19/04/26"
"290686","19/04/26"
"133289","19/04/26"
"159257","19/04/26"
"289932","19/04/26"
"289945","19/04/26"
"288776","19/04/26"
"227416","19/04/26"
"289248","19/04/26"
"229599","19/04/26"
"229464","19/04/26"
"137772","19/04/26"
"225310","19/04/26"
"225311","19/04/26"
"225489","19/04/26"
"225494","19/04/26"
"225919","19/04/26"
"295981","19/04/26"
"111428","19/04/26"
"111539","19/04/26"
"111773","19/04/26"
"111799","19/04/26"
"189373","19/04/26"
"191501","19/04/26"
"223367","19/04/26"
"137556","19/04/26"
"137560","19/04/26"
"225380","19/04/26"
"225385","19/04/26"
"232003","19/04/26"
"225670","19/04/26"
"225729","19/04/26"
"225741","19/04/26"
"225756","19/04/26"
"232614","19/04/26"
"288758","19/04/26"
"158388","19/04/26"
"237281","19/04/26"
"243094","19/04/26"
"188961","19/04/26"
"189036","19/04/26"
"109790","19/04/26"
"289186","19/04/26"
"191750","19/04/26"
"125330","19/04/26"
"513609","19/04/26"
"280057","19/04/26"
"415052","19/04/26"
"415047","19/04/26"
"513611","19/04/26"
"310513","19/04/26"
"576539","19/04/26"
"576540","19/04/26"
"127686","19/04/26"
"127689","19/04/26"
"127692","19/04/26"
"127693","19/04/26"
"127981","19/04/26"
"127984","19/04/26"
"158069","19/04/26"
"216082","19/04/26"
"158165","19/04/26"
"158168","19/04/26"
"237208","19/04/26"
"237210","19/04/26"
"236842","19/04/26"
"236845","19/04/26"
"236846","19/04/26"
"237221","19/04/26"
"236848","19/04/26"
"127987","19/04/26"
"128007","19/04/26"
"127634","19/04/26"
"128208","19/04/26"
"128209","19/04/26"
"128211","19/04/26"
"128212","19/04/26"
"128218","19/04/26"
"128307","19/04/26"
"128320","19/04/26"
"128333","19/04/26"
"128647","19/04/26"
"128662","19/04/26"
"128666","19/04/26"
"128704","19/04/26"
"128714","19/04/26"
"128989","19/04/26"
"124982","19/04/26"
"125844","19/04/26"
"125879","19/04/26"
"126066","19/04/26"
"126099","19/04/26"
"126101","19/04/26"
"126114","19/04/26"
"126210","19/04/26"
"127071","19/04/26"
"127359","19/04/26"
"135047","19/04/26"
"135559","19/04/26"
"135561","19/04/26"
"136707","19/04/26"
"136780","19/04/26"
"136787","19/04/26"
"136796","19/04/26"
"136806","19/04/26"
"136929","19/04/26"
"139226","19/04/26"
"139774","19/04/26"
"227219","19/04/26"
"109552","19/04/26"
"133432","19/04/26"
"229466","19/04/26"
"110074","19/04/26"
"110083","19/04/26"
"136773","19/04/26"
"158125","19/04/26"
"180695","19/04/26"
"180697","19/04/26"
"216596","19/04/26"
"216449","19/04/26"
"216554","19/04/26"
"216918","19/04/26"
"216931","19/04/26"
"216942","19/04/26"
"216965","19/04/26"
"243012","19/04/26"
"243028","19/04/26"
"289206","19/04/26"
"229467","19/04/26"
"180776","19/04/26"
"180834","19/04/26"
"180885","19/04/26"
"180992","19/04/26"
"181287","19/04/26"
"181289","19/04/26"
"181290","19/04/26"
"181292","19/04/26"
"180521","19/04/26"
"180531","19/04/26"
"158136","19/04/26"
"158139","19/04/26"
"158143","19/04/26"
"158147","19/04/26"
"158212","19/04/26"
"158064","19/04/26"
"158065","19/04/26"
"158252","19/04/26"
"158272","19/04/26"
"158275","19/04/26"
"158302","19/04/26"
"158312","19/04/26"
"158327","19/04/26"
"158331","19/04/26"
"159376","19/04/26"
"158487","19/04/26"
"158638","19/04/26"
"158639","19/04/26"
"158791","19/04/26"
"229580","19/04/26"
"229589","19/04/26"
"229453","19/04/26"
"229456","19/04/26"
"229469","19/04/26"
"223959","19/04/26"
"225998","19/04/26"
"225999","19/04/26"
"226147","19/04/26"
"159426","19/04/26"
"109568","19/04/26"
"109669","19/04/26"
"109795","19/04/26"
"111617","19/04/26"
"191484","19/04/26"
"191504","19/04/26"
"191605","19/04/26"
"137326","19/04/26"
"137439","19/04/26"
"137440","19/04/26"
"137441","19/04/26"
"137442","19/04/26"
"137451","19/04/26"
"137548","19/04/26"
"137558","19/04/26"
"137559","19/04/26"
"225731","19/04/26"
"225757","19/04/26"
"159326","19/04/26"
"128313","19/04/26"
"128326","19/04/26"
"289180","19/04/26"
"590277","19/04/26"
"590247","19/04/26"
"590251","19/04/26"
"202535","19/04/26"
"202995","19/04/26"
"203058","19/04/26"
"203113","19/04/26"
"203150","19/04/26"
"203484","19/04/26"
"203511","19/04/26"
"232325","19/04/26"
"229463","19/04/26"
"235428","19/04/26"
"235412","19/04/26"
"236093","19/04/26"
"236084","19/04/26"
"236050","19/04/26"
"236049","19/04/26"
"236048","19/04/26"
"216053","19/04/26"
"225758","19/04/26"
"127969","19/04/26"
"128014","19/04/26"
"128136","19/04/26"
"128152","19/04/26"
"128172","19/04/26"
"128216","19/04/26"
"128302","19/04/26"
"128661","19/04/26"
"128700","19/04/26"
"128708","19/04/26"
"128710","19/04/26"
"128712","19/04/26"
"128976","19/04/26"
"124983","19/04/26"
"125597","19/04/26"
"125750","19/04/26"
"125824","19/04/26"
"125845","19/04/26"
"126001","19/04/26"
"126069","19/04/26"
"126254","19/04/26"
"127068","19/04/26"
"135049","19/04/26"
"135560","19/04/26"
"135562","19/04/26"
"133285","19/04/26"
"136705","19/04/26"
"136706","19/04/26"
"136775","19/04/26"
"136840","19/04/26"
"136917","19/04/26"
"136930","19/04/26"
"136891","19/04/26"
"137650","19/04/26"
"136962","19/04/26"
"202595","19/04/26"
"203458","19/04/26"
"136715","19/04/26"
"137150","19/04/26"
"158200","19/04/26"
"158092","19/04/26"
"158203","19/04/26"
"159298","19/04/26"
"158081","19/04/26"
"243019","19/04/26"
"140574","19/04/26"
"140471","19/04/26"
"140399","19/04/26"
"139493","19/04/26"
"140347","19/04/26"
"140356","19/04/26"
"137126","19/04/26"
"136988","19/04/26"
"137001","19/04/26"
"136981","19/04/26"
"140359","19/04/26"
"139015","19/04/26"
"138211","19/04/26"
"154027","19/04/26"
"158059","19/04/26"
"158075","19/04/26"
"158076","19/04/26"
"158078","19/04/26"
"126091","19/04/26"
"347563","19/04/26"
"216885","19/04/26"
"217000","19/04/26"
"158123","19/04/26"
"126215","19/04/26"
"225490","19/04/26"
"225655","19/04/26"
"229597","19/04/26"
"232321","19/04/26"
"232324","19/04/26"
"231507","19/04/26"
"233866","19/04/26"
"188621","19/04/26"
"188571","19/04/26"
"189303","19/04/26"
"133853","19/04/26"
"154616","19/04/26"
"154369","19/04/26"
"224050","19/04/26"
"216441","19/04/26"
"295595","19/04/26"
"232317","19/04/26"
"205128","19/04/26"
"202525","19/04/26"
"126070","19/04/26"
"125093","19/04/26"
"125978","19/04/26"
"125983","19/04/26"
"111092","19/04/26"
"111093","19/04/26"
"289250","19/04/26"
"140650","19/04/26"
"153668","19/04/26"
"153675","19/04/26"
"207086","19/04/26"
"137074","19/04/26"
"158198","19/04/26"
"158201","19/04/26"
"158204","19/04/26"
"158205","19/04/26"
"158207","19/04/26"
"159285","19/04/26"
"159297","19/04/26"
"139600","19/04/26"
"140466","19/04/26"
"140400","19/04/26"
"139368","19/04/26"
"137147","19/04/26"
"136990","19/04/26"
"138411","19/04/26"
"136993","19/04/26"
"139501","19/04/26"
"138190","19/04/26"
"155035","19/04/26"
"139037","19/04/26"
"139645","19/04/26"
"154028","19/04/26"
"381513","19/04/26"
"158058","19/04/26"
"158060","19/04/26"
"158074","19/04/26"
"126786","19/04/26"
"158127","19/04/26"
"227388","19/04/26"
"154367","19/04/26"
"154619","19/04/26"
"154365","19/04/26"
"291131","19/04/26"
"313203","19/04/26"
"297618","19/04/26"
"297647","19/04/26"
"362930","19/04/26"
"291140","19/04/26"
"542073","19/04/26"
"314289","19/04/26"
"529497","19/04/26"
"289154","19/04/26"
"290326","19/04/26"
"289660","19/04/26"
"289665","19/04/26"
"289188","19/04/26"
"291102","19/04/26"
"292153","19/04/26"
"134807","19/04/26"
"255291","19/04/26"
"234508","19/04/26"
"234420","19/04/26"
"234496","19/04/26"
"234925","19/04/26"
"235662","19/04/26"
"236239","19/04/26"
"235925","19/04/26"
"383846","19/04/26"
"236057","19/04/26"
"235829","19/04/26"
"235868","19/04/26"
"234723","19/04/26"
"234727","19/04/26"
"234742","19/04/26"
"235751","19/04/26"
"234793","19/04/26"
"235039","19/04/26"
"235615","19/04/26"
"235616","19/04/26"
"234585","19/04/26"
"234482","19/04/26"
"236082","19/04/26"
"214916","19/04/26"
"214928","19/04/26"
"216865","19/04/26"
"216787","19/04/26"
"216788","19/04/26"
"225936","19/04/26"
"126848","19/04/26"
"203074","19/04/26"
"202524","19/04/26"
"125260","19/04/26"
"153664","19/04/26"
"158131","19/04/26"
"321710","19/04/26"
"371300","19/04/26"
"377320","19/04/26"
"297614","19/04/26"
"297643","19/04/26"
"297590","19/04/26"
"406699","19/04/26"
"237240","19/04/26"
"215901","19/04/26"
"158390","19/04/26"
"180635","19/04/26"
"180637","19/04/26"
"180638","19/04/26"
"180696","19/04/26"
"180700","19/04/26"
"180720","19/04/26"
"216599","19/04/26"
"216785","19/04/26"
"216796","19/04/26"
"216545","19/04/26"
"216581","19/04/26"
"216933","19/04/26"
"216941","19/04/26"
"198405","19/04/26"
"243370","19/04/26"
"180807","19/04/26"
"180912","19/04/26"
"180964","19/04/26"
"180978","19/04/26"
"180991","19/04/26"
"180993","19/04/26"
"181284","19/04/26"
"181311","19/04/26"
"180520","19/04/26"
"180533","19/04/26"
"229460","19/04/26"
"159427","19/04/26"
"159431","19/04/26"
"158138","19/04/26"
"158151","19/04/26"
"158213","19/04/26"
"158253","19/04/26"
"158281","19/04/26"
"158316","19/04/26"
"158330","19/04/26"
"158334","19/04/26"
"159367","19/04/26"
"158596","19/04/26"
"279773","19/04/26"
"279775","19/04/26"
"290328","19/04/26"
"290688","19/04/26"
"289668","19/04/26"
"292255","19/04/26"
"289216","19/04/26"
"255320","19/04/26"
"255288","19/04/26"
"117046","19/04/26"
"112989","19/04/26"
"162367","19/04/26"
"162334","19/04/26"
"162297","19/04/26"
"162260","19/04/26"
"162256","19/04/26"
"162222","19/04/26"
"162194","19/04/26"
"161940","19/04/26"
"161925","19/04/26"
"161838","19/04/26"
"161806","19/04/26"
"160252","19/04/26"
"215194","19/04/26"
"244179","19/04/26"
"177334","19/04/26"
"346164","19/04/26"
"175926","19/04/26"
"175937","19/04/26"
"176971","19/04/26"
"112473","19/04/26"
"162436","19/04/26"
"162369","19/04/26"
"161696","19/04/26"
"161560","19/04/26"
"161844","19/04/26"
"160251","19/04/26"
"160676","19/04/26"
"216065","19/04/26"
"215195","19/04/26"
"244186","19/04/26"
"244044","19/04/26"
"363590","19/04/26"
"175129","19/04/26"
"175934","19/04/26"
"175938","19/04/26"
"176588","19/04/26"
"176591","19/04/26"
"244434","19/04/26"
"175946","19/04/26"
"177176","19/04/26"
"131166","19/04/26"
"247666","19/04/26"
"131129","19/04/26"
"321753","19/04/26"
"162538","19/04/26"
"164003","19/04/26"
"150435","19/04/26"
"150553","19/04/26"
"150640","19/04/26"
"150642","19/04/26"
"162470","19/04/26"
"162261","19/04/26"
"159698","19/04/26"
"162429","19/04/26"
"150441","19/04/26"
"150604","19/04/26"
"304343","19/04/26"
"304341","19/04/26"
"305635","19/04/26"
"305632","19/04/26"
"158597","19/04/26"
"158598","19/04/26"
"158601","19/04/26"
"158637","19/04/26"
"158640","19/04/26"
"229499","19/04/26"
"229451","19/04/26"
"229459","19/04/26"
"229462","19/04/26"
"225106","19/04/26"
"225568","19/04/26"
"226041","19/04/26"
"159430","19/04/26"
"109788","19/04/26"
"111540","19/04/26"
"111595","19/04/26"
"189302","19/04/26"
"223346","19/04/26"
"137443","19/04/26"
"137557","19/04/26"
"225769","19/04/26"
"127995","19/04/26"
"128016","19/04/26"
"127635","19/04/26"
"128146","19/04/26"
"128162","19/04/26"
"128180","19/04/26"
"128183","19/04/26"
"128206","19/04/26"
"128213","19/04/26"
"128308","19/04/26"
"136786","19/04/26"
"161753","19/04/26"
"161839","19/04/26"
"115399","19/04/26"
"149710","19/04/26"
"149842","19/04/26"
"149916","19/04/26"
"149950","19/04/26"
"150056","19/04/26"
"150621","19/04/26"
"150148","19/04/26"
"144764","19/04/26"
"119817","19/04/26"
"120035","19/04/26"
"124158","19/04/26"
"119550","19/04/26"
"201606","19/04/26"
"244111","19/04/26"
"119983","19/04/26"
"121508","19/04/26"
"121509","19/04/26"
"121510","19/04/26"
"201520","19/04/26"
"228581","19/04/26"
"372083","19/04/26"
"150434","19/04/26"
"150647","19/04/26"
"150562","19/04/26"
"150569","19/04/26"
"150657","19/04/26"
"150554","19/04/26"
"150641","19/04/26"
"423488","19/04/26"
"403272","19/04/26"
"244236","19/04/26"
"244237","19/04/26"
"306634","19/04/26"
"244234","19/04/26"
"425476","19/04/26"
"163634","19/04/26"
"150448","19/04/26"
"150568","19/04/26"
"420027","19/04/26"
"305132","19/04/26"
"304327","19/04/26"
"304325","19/04/26"
"304323","19/04/26"
"150440","19/04/26"
"159908","19/04/26"
"136038","19/04/26"
"136102","19/04/26"
"142849","19/04/26"
"176031","19/04/26"
"124374","19/04/26"
"117273","19/04/26"
"117282","19/04/26"
"116533","19/04/26"
"244059","19/04/26"
"175560","19/04/26"
"164148","19/04/26"
"164152","19/04/26"
"119988","19/04/26"
"177143","19/04/26"
"475445","19/04/26"
"277769","19/04/26"
"116169","19/04/26"
"388282","19/04/26"
"514557","19/04/26"
"116594","19/04/26"
"315154","19/04/26"
"116741","19/04/26"
"117062","19/04/26"
"117073","19/04/26"
"117257","19/04/26"
"112253","19/04/26"
"112452","19/04/26"
"112511","19/04/26"
"112877","19/04/26"
"128646","19/04/26"
"128648","19/04/26"
"128702","19/04/26"
"128716","19/04/26"
"124968","19/04/26"
"125264","19/04/26"
"125323","19/04/26"
"125980","19/04/26"
"126108","19/04/26"
"126205","19/04/26"
"126213","19/04/26"
"127076","19/04/26"
"127255","19/04/26"
"129121","19/04/26"
"184806","19/04/26"
"136795","19/04/26"
"138177","19/04/26"
"136967","19/04/26"
"202618","19/04/26"
"227203","19/04/26"
"180905","19/04/26"
"180623","19/04/26"
"109983","19/04/26"
"255466","19/04/26"
"158196","19/04/26"
"159279","19/04/26"
"159286","19/04/26"
"158084","19/04/26"
"158086","19/04/26"
"216567","19/04/26"
"140588","19/04/26"
"138173","19/04/26"
"138372","19/04/26"
"155108","19/04/26"
"144069","19/04/26"
"154829","19/04/26"
"139489","19/04/26"
"140358","19/04/26"
"140348","19/04/26"
"137148","19/04/26"
"137063","19/04/26"
"321641","19/04/26"
"161841","19/04/26"
"163073","19/04/26"
"160653","19/04/26"
"161424","19/04/26"
"265540","19/04/26"
"164830","19/04/26"
"286558","19/04/26"
"278810","19/04/26"
"278821","19/04/26"
"296183","19/04/26"
"159963","19/04/26"
"150532","19/04/26"
"150323","19/04/26"
"115782","19/04/26"
"149709","19/04/26"
"149714","19/04/26"
"150065","19/04/26"
"150738","19/04/26"
"150745","19/04/26"
"120830","19/04/26"
"119615","19/04/26"
"244115","19/04/26"
"119765","19/04/26"
"120786","19/04/26"
"159722","19/04/26"
"119084","19/04/26"
"119086","19/04/26"
"419662","19/04/26"
"426475","19/04/26"
"136067","19/04/26"
"136107","19/04/26"
"136116","19/04/26"
"136117","19/04/26"
"136118","19/04/26"
"119466","19/04/26"
"119940","19/04/26"
"124372","19/04/26"
"370258","19/04/26"
"160358","19/04/26"
"371315","19/04/26"
"320533","19/04/26"
"348394","19/04/26"
"161188","19/04/26"
"160679","19/04/26"
"314139","19/04/26"
"346630","19/04/26"
"346631","19/04/26"
"346737","19/04/26"
"346740","19/04/26"
"320532","19/04/26"
"346263","19/04/26"
"320531","19/04/26"
"313254","19/04/26"
"475408","19/04/26"
"298687","19/04/26"
"537812","19/04/26"
"343851","19/04/26"
"137125","19/04/26"
"137062","19/04/26"
"136983","19/04/26"
"137146","19/04/26"
"136979","19/04/26"
"137060","19/04/26"
"139503","19/04/26"
"138210","19/04/26"
"138326","19/04/26"
"138327","19/04/26"
"154246","19/04/26"
"154098","19/04/26"
"111441","19/04/26"
"158061","19/04/26"
"158062","19/04/26"
"158079","19/04/26"
"128877","19/04/26"
"216883","19/04/26"
"216997","19/04/26"
"180980","19/04/26"
"126214","19/04/26"
"225653","19/04/26"
"232323","19/04/26"
"188699","19/04/26"
"188914","19/04/26"
"189382","19/04/26"
"543691","19/04/26"
"154355","19/04/26"
"154124","19/04/26"
"540888","19/04/26"
"154370","19/04/26"
"154622","19/04/26"
"542047","19/04/26"
"224049","19/04/26"
"216868","19/04/26"
"189598","19/04/26"
"388497","19/04/26"
"388504","19/04/26"
"388510","19/04/26"
"388457","19/04/26"
"388471","19/04/26"
"388476","19/04/26"
"388483","19/04/26"
"388488","19/04/26"
"311954","19/04/26"
"361682","19/04/26"
"311807","19/04/26"
"280377","19/04/26"
"244045","19/04/26"
"321830","19/04/26"
"372858","19/04/26"
"377129","19/04/26"
"412277","19/04/26"
"341024","19/04/26"
"356502","19/04/26"
"357062","19/04/26"
"413110","19/04/26"
"431790","19/04/26"
"344137","19/04/26"
"344138","19/04/26"
"313208","19/04/26"
"431745","19/04/26"
"431728","19/04/26"
"377067","19/04/26"
"412116","19/04/26"
"475285","19/04/26"
"371303","19/04/26"
"205949","19/04/26"
"235451","19/04/26"
"236028","19/04/26"
"236163","19/04/26"
"234866","19/04/26"
"234860","19/04/26"
"235263","19/04/26"
"287554","19/04/26"
"287583","19/04/26"
"287586","19/04/26"
"287549","19/04/26"
"287750","19/04/26"
"383887","19/04/26"
"406267","19/04/26"
"478778","19/04/26"
"449332","19/04/26"
"556048","19/04/26"
"514421","19/04/26"
"371316","19/04/26"
"136024","19/04/26"
"556009","19/04/26"
"136090","19/04/26"
"136092","19/04/26"
"479898","19/04/26"
"489225","19/04/26"
"489230","19/04/26"
"489387","19/04/26"
"489390","19/04/26"
"489429","19/04/26"
"489430","19/04/26"
"487199","19/04/26"
"489292","19/04/26"
"489303","19/04/26"
"489304","19/04/26"
"489308","19/04/26"
"592165","19/04/26"
"475049","19/04/26"
"475449","19/04/26"
"559939","19/04/26"
"590406","19/04/26"
"413806","19/04/26"
"476742","19/04/26"
"476048","19/04/26"
"476490","19/04/26"
"476696","19/04/26"
"476248","19/04/26"
"133433","19/04/26"
"431815","19/04/26"
"137077","19/04/26"
"526077","19/04/26"
"528225","19/04/26"
"482363","19/04/26"
"533073","19/04/26"
"527455","19/04/26"
"527255","19/04/26"
"150443","19/04/26"
"150447","19/04/26"
"150628","19/04/26"
"566111","19/04/26"
"566136","19/04/26"
"263107","19/04/26"
"577197","19/04/26"
"577171","19/04/26"
"534640","19/04/26"
"122486","19/04/26"
"469831","19/04/26"
"412631","19/04/26"
"247639","19/04/26"
"412713","19/04/26"
"534432","19/04/26"
"534433","19/04/26"
"131138","19/04/26"
"428297","19/04/26"
"526340","19/04/26"
"112236","19/04/26"
"226261","19/04/26"
"175566","19/04/26"
"113063","19/04/26"
"118887","19/04/26"
"119879","19/04/26"
"277765","19/04/26"
"177589","19/04/26"
"142830","19/04/26"
"155887","19/04/26"
"277764","19/04/26"
"277763","19/04/26"
"114872","19/04/26"
"304802","19/04/26"
"363667","19/04/26"
"116879","19/04/26"
"117080","19/04/26"
"255705","19/04/26"
"112308","19/04/26"
"411210","19/04/26"
"112912","19/04/26"
"112922","19/04/26"
"577020","19/04/26"
"379052","19/04/26"
"314095","19/04/26"
"293821","19/04/26"
"373797","19/04/26"
"314535","19/04/26"
"277629","19/04/26"
"278530","19/04/26"
"199127","19/04/26"
"119069","19/04/26"
"526237","19/04/26"
"365929","19/04/26"
"365327","19/04/26"
"365323","19/04/26"
"365130","19/04/26"
"365128","19/04/26"
"365211","19/04/26"
"365047","19/04/26"
"560355","19/04/26"
"244136","19/04/26"
"119492","19/04/26"
"119589","19/04/26"
"119642","19/04/26"
"119698","19/04/26"
"119699","19/04/26"
"119733","19/04/26"
"119807","19/04/26"
"120053","19/04/26"
"120060","19/04/26"
"120134","19/04/26"
"120506","19/04/26"
"120512","19/04/26"
"120553","19/04/26"
"120574","19/04/26"
"120691","19/04/26"
"120738","19/04/26"
"121258","19/04/26"
"121529","19/04/26"
"365899","19/04/26"
"121077","19/04/26"
"119648","19/04/26"
"119947","19/04/26"
"122127","19/04/26"
"122133","19/04/26"
"122956","19/04/26"
"122105","19/04/26"
"123476","19/04/26"
"403029","19/04/26"
"160294","19/04/26"
"348393","19/04/26"
"161000","19/04/26"
"161585","19/04/26"
"161719","19/04/26"
"320535","19/04/26"
"346829","19/04/26"
"346632","19/04/26"
"346833","19/04/26"
"346132","19/04/26"
"313301","19/04/26"
"309235","19/04/26"
"349324","19/04/26"
"298688","19/04/26"
"384117","19/04/26"
"343828","19/04/26"
"343829","19/04/26"
"344171","19/04/26"
"344172","19/04/26"
"344173","19/04/26"
"344174","19/04/26"
"388499","19/04/26"
"388507","19/04/26"
"388480","19/04/26"
"388485","19/04/26"
"340981","19/04/26"
"304620","19/04/26"
"304624","19/04/26"
"304991","19/04/26"
"305104","19/04/26"
"305120","19/04/26"
"305138","19/04/26"
"305145","19/04/26"
"305253","19/04/26"
"305259","19/04/26"
"305263","19/04/26"
"305269","19/04/26"
"305284","19/04/26"
"305306","19/04/26"
"305586","19/04/26"
"305748","19/04/26"
"305787","19/04/26"
"304453","19/04/26"
"479303","19/04/26"
"412893","19/04/26"
"412904","19/04/26"
"412949","19/04/26"
"412953","19/04/26"
"412889","19/04/26"
"412955","19/04/26"
"412967","19/04/26"
"412985","19/04/26"
"412840","19/04/26"
"412841","19/04/26"
"412848","19/04/26"
"250400","19/04/26"
"305378","19/04/26"
"361727","19/04/26"
"305102","19/04/26"
"305749","19/04/26"
"305255","19/04/26"
"280373","19/04/26"
"280393","19/04/26"
"372231","19/04/26"
"373484","19/04/26"
"131762","19/04/26"
"313207","19/04/26"
"472363","19/04/26"
"449335","19/04/26"
"478415","19/04/26"
"489219","19/04/26"
"539209","19/04/26"
"489234","19/04/26"
"489326","19/04/26"
"489237","19/04/26"
"487196","19/04/26"
"489241","19/04/26"
"487200","19/04/26"
"489369","19/04/26"
"489373","19/04/26"
"489377","19/04/26"
"475038","19/04/26"
"219808","19/04/26"
"320649","19/04/26"
"476745","19/04/26"
"476465","19/04/26"
"132747","19/04/26"
"133434","19/04/26"
"489515","19/04/26"
"527082","19/04/26"
"527083","19/04/26"
"533047","19/04/26"
"150437","19/04/26"
"150444","19/04/26"
"150572","19/04/26"
"150650","19/04/26"
"577094","19/04/26"
"577393","19/04/26"
"577397","19/04/26"
"577435","19/04/26"
"534622","19/04/26"
"590039","19/04/26"
"590051","19/04/26"
"577421","19/04/26"
"142869","19/04/26"
"592208","19/04/26"
"412616","19/04/26"
"412626","19/04/26"
"247638","19/04/26"
"534315","19/04/26"
"305794","19/04/26"
"527040","19/04/26"
"479288","19/04/26"
"429847","19/04/26"
"485967","19/04/26"
"412018","19/04/26"
"560353","19/04/26"
"560354","19/04/26"
"244078","19/04/26"
"119160","19/04/26"
"119393","19/04/26"
"119394","19/04/26"
"119400","19/04/26"
"119444","19/04/26"
"119697","19/04/26"
"119835","19/04/26"
"119951","19/04/26"
"120671","19/04/26"
"120732","19/04/26"
"120752","19/04/26"
"120780","19/04/26"
"120804","19/04/26"
"120851","19/04/26"
"121487","19/04/26"
"119622","19/04/26"
"119631","19/04/26"
"119650","19/04/26"
"119945","19/04/26"
"120857","19/04/26"
"120859","19/04/26"
"121469","19/04/26"
"122880","19/04/26"
"136419","19/04/26"
"136422","19/04/26"
"527044","19/04/26"
"416952","19/04/26"
"416953","19/04/26"
"251106","19/04/26"
"251118","19/04/26"
"250968","19/04/26"
"250970","19/04/26"
"250897","19/04/26"
"250907","19/04/26"
"250839","19/04/26"
"142686","19/04/26"
"199855","19/04/26"
"114236","19/04/26"
"114250","19/04/26"
"114351","19/04/26"
"114229","19/04/26"
"114243","19/04/26"
"253910","19/04/26"
"304339","19/04/26"
"304659","19/04/26"
"304812","19/04/26"
"304834","19/04/26"
"304936","19/04/26"
"304989","19/04/26"
"305099","19/04/26"
"305114","19/04/26"
"305136","19/04/26"
"305140","19/04/26"
"305375","19/04/26"
"305634","19/04/26"
"305645","19/04/26"
"304409","19/04/26"
"371320","19/04/26"
"313452","19/04/26"
"412898","19/04/26"
"412969","19/04/26"
"411369","19/04/26"
"412982","19/04/26"
"412966","19/04/26"
"412984","19/04/26"
"412902","19/04/26"
"412947","19/04/26"
"410241","19/04/26"
"410973","19/04/26"
"413012","19/04/26"
"412849","19/04/26"
"250453","19/04/26"
"251121","19/04/26"
"251085","19/04/26"
"250995","19/04/26"
"250996","19/04/26"
"250882","19/04/26"
"250778","19/04/26"
"305528","19/04/26"
"142578","19/04/26"
"142839","19/04/26"
"142848","19/04/26"
"201579","19/04/26"
"117023","19/04/26"
"249308","19/04/26"
"161808","19/04/26"
"161791","19/04/26"
"199530","19/04/26"
"201276","19/04/26"
"114202","19/04/26"
"114222","19/04/26"
"114291","19/04/26"
"114294","19/04/26"
"114312","19/04/26"
"118147","19/04/26"
"201605","19/04/26"
"247667","19/04/26"
"157042","19/04/26"
"123353","19/04/26"
"367038","19/04/26"
"314141","19/04/26"
"311363","19/04/26"
"403271","19/04/26"
"244245","19/04/26"
"309268","19/04/26"
"463354","19/04/26"
"410495","19/04/26"
"363397","19/04/26"
"244239","19/04/26"
"263018","19/04/26"
"263028","19/04/26"
"263048","19/04/26"
"263201","19/04/26"
"263202","19/04/26"
"263203","19/04/26"
"304067","19/04/26"
"304544","19/04/26"
"304549","19/04/26"
"136392","19/04/26"
"201589","19/04/26"
"244222","19/04/26"
"159655","19/04/26"
"250703","19/04/26"
"118950","19/04/26"
"305121","19/04/26"
"305148","19/04/26"
"349313","19/04/26"
"309166","19/04/26"
"244230","19/04/26"
"244231","19/04/26"
"303436","19/04/26"
"235477","19/04/26"
"235474","19/04/26"
"235426","19/04/26"
"236131","19/04/26"
"236095","19/04/26"
"236094","19/04/26"
"235476","19/04/26"
"205524","19/04/26"
"205908","19/04/26"
"206230","19/04/26"
"234927","19/04/26"
"235667","19/04/26"
"235668","19/04/26"
"236030","19/04/26"
"236032","19/04/26"
"236096","19/04/26"
"236130","19/04/26"
"236013","19/04/26"
"235866","19/04/26"
"234741","19/04/26"
"235618","19/04/26"
"236123","19/04/26"
"236156","19/04/26"
"214921","19/04/26"
"214927","19/04/26"
"235617","19/04/26"
"235798","19/04/26"
"234729","19/04/26"
"206049","19/04/26"
"234831","19/04/26"
"234859","19/04/26"
"287742","19/04/26"
"287556","19/04/26"
"287584","19/04/26"
"287580","19/04/26"
"287582","19/04/26"
"287547","19/04/26"
"235986","19/04/26"
"287745","19/04/26"
"287651","19/04/26"
"475296","19/04/26"
"406239","19/04/26"
"384012","19/04/26"
"451932","19/04/26"
"449422","19/04/26"
"155877","19/04/26"
"155878","19/04/26"
"135847","19/04/26"
"119712","19/04/26"
"177211","19/04/26"
"247656","19/04/26"
"250492","19/04/26"
"250439","19/04/26"
"304548","19/04/26"
"463136","19/04/26"
"451280","19/04/26"
"309162","19/04/26"
"463206","19/04/26"
"347628","19/04/26"
"371979","19/04/26"
"347991","19/04/26"
"463261","19/04/26"
"311455","19/04/26"
"244250","19/04/26"
"175758","19/04/26"
"123035","19/04/26"
"123102","19/04/26"
"263029","19/04/26"
"263064","19/04/26"
"305174","19/04/26"
"219503","19/04/26"
"384019","19/04/26"
"559932","19/04/26"
"482953","19/04/26"
"577019","19/04/26"
"314534","19/04/26"
"314540","19/04/26"
"536970","19/04/26"
"365381","19/04/26"
"365382","19/04/26"
"365277","19/04/26"
"365099","19/04/26"
"519124","19/04/26"
"482918","19/04/26"
"244524","19/04/26"
"119088","19/04/26"
"159901","19/04/26"
"159956","19/04/26"
"160056","19/04/26"
"119067","19/04/26"
"263337","19/04/26"
"119700","19/04/26"
"119918","19/04/26"
"120471","19/04/26"
"304689","19/04/26"
"305090","19/04/26"
"305133","19/04/26"
"305747","19/04/26"
"155891","19/04/26"
"321580","19/04/26"
"303435","19/04/26"
"308125","19/04/26"
"215750","19/04/26"
"205841","19/04/26"
"235475","19/04/26"
"235848","19/04/26"
"236085","19/04/26"
"235471","19/04/26"
"235889","19/04/26"
"205511","19/04/26"
"235566","19/04/26"
"235427","19/04/26"
"235470","19/04/26"
"235481","19/04/26"
"235661","19/04/26"
"235674","19/04/26"
"236103","19/04/26"
"236106","19/04/26"
"236033","19/04/26"
"236036","19/04/26"
"235905","19/04/26"
"235870","19/04/26"
"234724","19/04/26"
"234733","19/04/26"
"234736","19/04/26"
"234740","19/04/26"
"235620","19/04/26"
"234579","19/04/26"
"235677","19/04/26"
"235678","19/04/26"
"236121","19/04/26"
"473666","19/04/26"
"214917","19/04/26"
"214926","19/04/26"
"214930","19/04/26"
"235461","19/04/26"
"206050","19/04/26"
"348035","19/04/26"
"416490","19/04/26"
"234865","19/04/26"
"287653","19/04/26"
"235002","19/04/26"
"287585","19/04/26"
"287753","19/04/26"
"235923","19/04/26"
"236136","19/04/26"
"205691","19/04/26"
"406207","19/04/26"
"406196","19/04/26"
"383827","19/04/26"
"384060","19/04/26"
"559945","19/04/26"
"235830","19/04/26"
"388608","19/04/26"
"537397","19/04/26"
"493823","19/04/26"
"202872","19/04/26"
"202526","19/04/26"
"140644","19/04/26"
"140656","19/04/26"
"158132","19/04/26"
"297622","19/04/26"
"297651","19/04/26"
"291111","19/04/26"
"291103","19/04/26"
"158119","19/04/26"
"556742","19/04/26"
"362910","19/04/26"
"289619","19/04/26"
"289620","19/04/26"
"289625","19/04/26"
"289178","19/04/26"
"289662","19/04/26"
"289666","19/04/26"
"290690","19/04/26"
"289190","19/04/26"
"289196","19/04/26"
"289210","19/04/26"
"289741","19/04/26"
"290538","19/04/26"
"292218","19/04/26"
"176979","19/04/26"
"112506","19/04/26"
"112475","19/04/26"
"112454","19/04/26"
"119966","19/04/26"
"162399","19/04/26"
"162255","19/04/26"
"161910","19/04/26"
"161697","19/04/26"
"161561","19/04/26"
"161803","19/04/26"
"161987","19/04/26"
"159650","19/04/26"
"318425","19/04/26"
"120135","19/04/26"
"175121","19/04/26"
"175126","19/04/26"
"175137","19/04/26"
"175138","19/04/26"
"175579","19/04/26"
"175927","19/04/26"
"175935","19/04/26"
"176594","19/04/26"
"176597","19/04/26"
"177396","19/04/26"
"247655","19/04/26"
"246008","19/04/26"
"416266","19/04/26"
"346085","19/04/26"
"150433","19/04/26"
"150438","19/04/26"
"150560","19/04/26"
"150649","19/04/26"
"150555","19/04/26"
"244232","19/04/26"
"244233","19/04/26"
"419972","19/04/26"
"159710","19/04/26"
"161629","19/04/26"
"161399","19/04/26"
"150502","19/04/26"
"150679","19/04/26"
"150700","19/04/26"
"304333","19/04/26"
"305648","19/04/26"
"304321","19/04/26"
"136704","19/04/26"
"159852","19/04/26"
"244125","19/04/26"
"305131","19/04/26"
"305130","19/04/26"
"115359","19/04/26"
"115350","19/04/26"
"149708","19/04/26"
"149713","19/04/26"
"149835","19/04/26"
"149912","19/04/26"
"150349","19/04/26"
"150481","19/04/26"
"150741","19/04/26"
"142858","19/04/26"
"143271","19/04/26"
"119719","19/04/26"
"119926","19/04/26"
"119937","19/04/26"
"119399","19/04/26"
"119401","19/04/26"
"119597","19/04/26"
"119646","19/04/26"
"119701","19/04/26"
"244118","19/04/26"
"119767","19/04/26"
"119825","19/04/26"
"119875","19/04/26"
"119876","19/04/26"
"119919","19/04/26"
"373889","19/04/26"
"120497","19/04/26"
"120831","19/04/26"
"120872","19/04/26"
"120873","19/04/26"
"113445","19/04/26"
"120944","19/04/26"
"160966","19/04/26"
"159938","19/04/26"
"161588","19/04/26"
"121262","19/04/26"
"121490","19/04/26"
"122321","19/04/26"
"178811","19/04/26"
"475292","19/04/26"
"383314","19/04/26"
"244077","19/04/26"
"136103","19/04/26"
"119722","19/04/26"
"119831","19/04/26"
"124375","19/04/26"
"116500","19/04/26"
"452448","19/04/26"
"175824","19/04/26"
"144052","19/04/26"
"199052","19/04/26"
"175563","19/04/26"
"315755","19/04/26"
"277767","19/04/26"
"113921","19/04/26"
"113924","19/04/26"
"113396","19/04/26"
"113459","19/04/26"
"142820","19/04/26"
"113489","19/04/26"
"113541","19/04/26"
"524830","19/04/26"
"383337","19/04/26"
"116167","19/04/26"
"592408","19/04/26"
"471407","19/04/26"
"514558","19/04/26"
"117035","19/04/26"
"117149","19/04/26"
"117160","19/04/26"
"117163","19/04/26"
"117186","19/04/26"
"117220","19/04/26"
"411211","19/04/26"
"161483","19/04/26"
"277631","19/04/26"
"277635","19/04/26"
"278471","19/04/26"
"278472","19/04/26"
"278490","19/04/26"
"278494","19/04/26"
"278524","19/04/26"
"446694","19/04/26"
"315475","19/04/26"
"160963","19/04/26"
"161460","19/04/26"
"346620","19/04/26"
"320536","19/04/26"
"313252","19/04/26"
"346346","19/04/26"
"346839","19/04/26"
"346168","19/04/26"
"475407","19/04/26"
"475415","19/04/26"
"343282","19/04/26"
"298686","19/04/26"
"379056","19/04/26"
"343830","19/04/26"
"344132","19/04/26"
"343831","19/04/26"
"344168","19/04/26"
"388496","19/04/26"
"388511","19/04/26"
"388458","19/04/26"
"388461","19/04/26"
"388469","19/04/26"
"388470","19/04/26"
"388482","19/04/26"
"388486","19/04/26"
"305639","19/04/26"
"412036","19/04/26"
"196728","19/04/26"
"305117","19/04/26"
"305251","19/04/26"
"372232","19/04/26"
"296184","19/04/26"
"357082","19/04/26"
"425558","19/04/26"
"413111","19/04/26"
"469280","19/04/26"
"298884","19/04/26"
"314231","19/04/26"
"425563","19/04/26"
"472335","19/04/26"
"472369","19/04/26"
"431715","19/04/26"
"411158","19/04/26"
"489226","19/04/26"
"527874","19/04/26"
"532850","19/04/26"
"489229","19/04/26"
"487195","19/04/26"
"489388","19/04/26"
"489336","19/04/26"
"489410","19/04/26"
"489348","19/04/26"
"489353","19/04/26"
"489431","19/04/26"
"347653","19/04/26"
"489288","19/04/26"
"489299","19/04/26"
"489380","19/04/26"
"473580","19/04/26"
"476214","19/04/26"
"475926","19/04/26"
"475949","19/04/26"
"476718","19/04/26"
"320646","19/04/26"
"476704","19/04/26"
"431763","19/04/26"
"133435","19/04/26"
"133436","19/04/26"
"530185","19/04/26"
"136468","19/04/26"
"526823","19/04/26"
"526887","19/04/26"
"526888","19/04/26"
"527222","19/04/26"
"150633","19/04/26"
"371310","19/04/26"
"566130","19/04/26"
"560537","19/04/26"
"577383","19/04/26"
"577409","19/04/26"
"577185","19/04/26"
"590203","19/04/26"
"302150","19/04/26"
"590026","19/04/26"
"142870","19/04/26"
"412629","19/04/26"
"412650","19/04/26"
"412615","19/04/26"
"412628","19/04/26"
"412649","19/04/26"
"412636","19/04/26"
"247622","19/04/26"
"247633","19/04/26"
"247630","19/04/26"
"247663","19/04/26"
"247671","19/04/26"
"411473","19/04/26"
"534295","19/04/26"
"304358","19/04/26"
"136402","19/04/26"
"131195","19/04/26"
"479291","19/04/26"
"365342","19/04/26"
"365325","19/04/26"
"365322","19/04/26"
"383218","19/04/26"
"109969","19/04/26"
"410488","19/04/26"
"119186","19/04/26"
"119369","19/04/26"
"119419","19/04/26"
"119842","19/04/26"
"119916","19/04/26"
"120161","19/04/26"
"120421","19/04/26"
"120559","19/04/26"
"120828","19/04/26"
"120834","19/04/26"
"121462","19/04/26"
"121493","19/04/26"
"119727","19/04/26"
"119836","19/04/26"
"119838","19/04/26"
"121492","19/04/26"
"121494","19/04/26"
"122485","19/04/26"
"122923","19/04/26"
"123209","19/04/26"
"121960","19/04/26"
"136418","19/04/26"
"412263","19/04/26"
"253954","19/04/26"
"253957","19/04/26"
"304628","19/04/26"
"304662","19/04/26"
"304814","19/04/26"
"304992","19/04/26"
"305142","19/04/26"
"305256","19/04/26"
"305257","19/04/26"
"305412","19/04/26"
"305716","19/04/26"
"305740","19/04/26"
"305752","19/04/26"
"305767","19/04/26"
"305793","19/04/26"
"304448","19/04/26"
"118845","19/04/26"
"412262","19/04/26"
"412929","19/04/26"
"412944","19/04/26"
"411476","19/04/26"
"412951","19/04/26"
"412972","19/04/26"
"412908","19/04/26"
"412914","19/04/26"
"412973","19/04/26"
"412996","19/04/26"
"412853","19/04/26"
"250819","19/04/26"
"251112","19/04/26"
"250899","19/04/26"
"250742","19/04/26"
"142540","19/04/26"
"113553","19/04/26"
"249313","19/04/26"
"162724","19/04/26"
"199518","19/04/26"
"114223","19/04/26"
"114339","19/04/26"
"114208","19/04/26"
"445529","19/04/26"
"312777","19/04/26"
"201590","19/04/26"
"155885","19/04/26"
"475190","19/04/26"
"119821","19/04/26"
"119930","19/04/26"
"250945","19/04/26"
"250948","19/04/26"
"250489","19/04/26"
"250972","19/04/26"
"250481","19/04/26"
"244224","19/04/26"
"244235","19/04/26"
"313005","19/04/26"
"309165","19/04/26"
"301670","19/04/26"
"311360","19/04/26"
"463223","19/04/26"
"311362","19/04/26"
"402803","19/04/26"
"362658","19/04/26"
"309269","19/04/26"
"309161","19/04/26"
"347668","19/04/26"
"314262","19/04/26"
"244241","19/04/26"
"313031","19/04/26"
"177590","19/04/26"
"263031","19/04/26"
"263065","19/04/26"
"263207","19/04/26"
"302632","19/04/26"
"262997","19/04/26"
"353849","19/04/26"
"244516","19/04/26"
"119068","19/04/26"
"263030","19/04/26"
"263157","19/04/26"
"123281","19/04/26"
"304686","19/04/26"
"305124","19/04/26"
"305127","19/04/26"
"150442","19/04/26"
"142872","19/04/26"
"452758","19/04/26"
"459984","19/04/26"
"450807","19/04/26"
"215599","19/04/26"
"235478","19/04/26"
"236143","19/04/26"
"236105","19/04/26"
"236128","19/04/26"
"236127","19/04/26"
"383837","19/04/26"
"215742","19/04/26"
"205880","19/04/26"
"209995","19/04/26"
"234504","19/04/26"
"234936","19/04/26"
"235192","19/04/26"
"235660","19/04/26"
"236104","19/04/26"
"235924","19/04/26"
"235907","19/04/26"
"236017","19/04/26"
"235864","19/04/26"
"235865","19/04/26"
"234730","19/04/26"
"234732","19/04/26"
"235622","19/04/26"
"236167","19/04/26"
"236155","19/04/26"
"214931","19/04/26"
"235619","19/04/26"
"475277","19/04/26"
"309238","19/04/26"
"306648","19/04/26"
"235450","19/04/26"
"234735","19/04/26"
"416488","19/04/26"
"234738","19/04/26"
"383894","19/04/26"
"287581","19/04/26"
"287548","19/04/26"
"236137","19/04/26"
"287546","19/04/26"
"384058","19/04/26"
"383981","19/04/26"
"560063","19/04/26"
"576441","19/04/26"
"416487","19/04/26"
"559960","19/04/26"
"483017","19/04/26"
"474229","19/04/26"
"482965","19/04/26"
"166158","19/04/26"
"293811","19/04/26"
"271626","19/04/26"
"405074","19/04/26"
"445682","19/04/26"
"526255","19/04/26"
"269937","19/04/26"
"366460","19/04/26"
"365379","19/04/26"
"365324","19/04/26"
"365340","19/04/26"
"365278","19/04/26"
"365341","19/04/26"
"365962","19/04/26"
"365946","19/04/26"
"365104","19/04/26"
"365098","19/04/26"
"268962","19/04/26"
"519125","19/04/26"
"592581","19/04/30"
"592580","19/04/30"
"592579","19/04/30"
"592578","19/04/30"
"592577","19/04/30"
"592576","19/04/30"
"592575","19/04/30"
"592574","19/04/30"
"592573","19/04/30"
"592572","19/04/30"
"592571","19/04/30"
"592569","19/04/30"
"592568","19/04/30"
"592567","19/04/30"
"592566","19/04/30"
"592565","19/04/30"
"592564","19/04/30"
"592562","19/04/30"
"592561","19/04/30"
"592560","19/04/30"
"592559","19/04/30"
"592558","19/04/30"
"592557","19/04/30"
"592556","19/04/30"
"592555","19/04/30"
"592554","19/04/30"
"592553","19/04/30"
"592552","19/04/30"
"592551","19/04/30"
"592550","19/04/30"
"592549","19/04/30"
"592548","19/04/30"
"592547","19/04/30"
"592546","19/04/30"
"592545","19/04/30"
"592543","19/04/30"
"592542","19/04/30"
"592541","19/04/30"
"592540","19/04/30"
"592539","19/04/30"
"592538","19/04/30"
"592537","19/04/30"
"592536","19/04/30"
"592517","19/04/30"
"592516","19/04/30"
"592515","19/04/30"
"592514","19/04/30"
"592513","19/04/30"
"592512","19/04/30"
"592511","19/04/30"
"592510","19/04/30"
"592509","19/04/30"
"592508","19/04/30"
"592507","19/04/30"
"592506","19/04/30"
"592505","19/04/30"
"592504","19/04/30"
"592503","19/04/30"
"592502","19/04/30"
"592501","19/04/30"
"592500","19/04/30"
"592499","19/04/30"
"592498","19/04/30"
"592497","19/04/30"
"592496","19/04/30"
"592495","19/04/30"
"592494","19/04/30"
"592493","19/04/30"
"592492","19/04/30"
"592491","19/04/30"
"592490","19/04/30"
"592489","19/04/30"
"592488","19/04/30"
"592487","19/04/30"
"592486","19/04/30"
"592485","19/04/30"
"592484","19/04/30"
"592483","19/04/30"
"592482","19/04/30"
"592481","19/04/30"
"592480","19/04/30"
"592479","19/04/30"
"592478","19/04/30"
"592477","19/04/30"
"592476","19/04/30"
"592475","19/04/30"
"592474","19/04/30"
"592473","19/04/30"
"592472","19/04/30"
"592471","19/04/30"
"592470","19/04/30"
"592469","19/04/30"
"592468","19/04/30"
"592467","19/04/30"
"592466","19/04/30"
"592465","19/04/30"
"592464","19/04/30"
"592463","19/04/30"
"592462","19/04/30"
"592461","19/04/30"
"592460","19/04/30"
"592459","19/04/30"
"592458","19/04/30"
"592457","19/04/30"
"592456","19/04/30"
"592455","19/04/30"
"592454","19/04/30"
"592453","19/04/30"
"592452","19/04/30"
"592451","19/04/30"
"592450","19/04/30"
"592449","19/04/30"
"592448","19/04/30"
"592447","19/04/30"
"592446","19/04/30"
"592445","19/04/30"
"592444","19/04/30"
"592443","19/04/30"
"592442","19/04/30"
"592441","19/04/30"
"592440","19/04/30"
"592439","19/04/30"
"592438","19/04/30"
"592407","19/04/30"
"592406","19/04/30"
"592399","19/04/30"
"592334","19/04/30"
"592322","19/04/30"
"592199","19/04/30"
"592190","19/04/30"
"592150","19/04/30"
"592149","19/04/30"
"592086","19/04/30"
"592085","19/04/30"
"592070","19/04/30"
"592069","19/04/30"
"592068","19/04/30"
"592057","19/04/30"
"592056","19/04/30"
"592050","19/04/30"
"620680","19/05/03"
"557607","19/05/03"
"612225","19/05/21"
"616893","19/05/21"
S3236450,"19/05/23"
"314847","19/05/23"
"244061","19/05/28"
"621133","19/06/19"
"487761","19/06/24"
S90618,"19/08/01"
"234833","19/08/01"
"314363","19/08/01"
"472154","19/08/05"
"234410","19/08/16"
"419738","19/08/20"
"267272","19/08/20"
"617358","19/08/21"
"632196","19/08/29"
"632204","19/09/04"
"118979","19/09/09"
"118981","19/09/17"
"620809","19/09/19"
"620807","19/09/19"
"261841","19/09/20"
"262069","19/09/20"
"262044","19/09/20"
"313903","19/10/23"
"177455","19/10/28"
"214713","19/10/30"
"388520","19/11/04"
"205672","19/11/05"
"118166","19/11/06"
"299171","19/11/06"
"617363","19/11/11"
"485128","19/11/12"
"272125","19/11/15"
"266897","19/11/18"
"405118","19/11/20"
"118969","19/11/20"
"223714","19/11/21"
"237223","19/11/21"
"237230","19/11/21"
"412655","19/11/26"
"617371","19/12/10"
"176732","19/12/11"
"617359","19/12/11"
"262583","19/12/17"
"262584","19/12/17"
"158707","19/12/18"
"196663","19/12/23"
"234477","20/01/08"
"620850","20/01/09"
"583989","20/01/09"
"319997","20/01/10"
"254983","20/01/13"
"118167","20/01/13"
"278820","20/01/14"
"410749","20/01/15"
"568589","20/01/16"
"122390","20/02/03"
"631689","20/02/17"
"631959","20/02/25"
"150490","20/02/27"
"223811","20/02/27"
"273139","20/03/05"
"412140","20/03/06"
"271708","20/03/31"
"492631","20/04/01"
"475074","20/04/08"
"234474","20/04/09"
"273042","20/04/29"
"158908","20/05/07"
"174629","20/05/15"
"483054","20/05/29"
"251469","20/06/05"
"276818","20/06/05"
"621405","20/06/09"
"614272","20/06/09"
"320410","20/06/22"
"273226","20/07/03"
"142833","20/07/06"
"272583","20/07/08"
"616169","20/07/22"
"357149","20/07/23"
"315818","20/08/04"
"177739","20/08/25"
"631166","20/08/27"
"618661","20/09/01"
"492302","20/09/14"
"142815","20/09/22"
"158916","20/10/23"
"119009","20/10/23"
"119013","20/10/23"
"175799","20/10/23"
"175806","20/10/23"
"175805","20/10/23"
"176616","20/10/23"
"176614","20/10/23"
"176622","20/10/23"
"175870","20/10/23"
"176625","20/10/28"
"164034","20/10/28"
,"20/11/02"
"302453","20/11/02"
"265360","20/11/09"
"621131","20/11/09"
"621132","20/11/09"
"214716","20/11/11"
"304450","20/12/04"
"203060","20/12/04"
